"wsg_deb_name","wsg_latest_version","wsg_old_version"
"accountsservice","accountsservice_0.6.45-1ubuntu1_amd64.deb","0.6.35-0ubuntu7.2
"
"acl","acl_2.2.52-3build1_amd64.deb","2.2.52-1
"
"acpid","acpid_2.0.28-1ubuntu1_amd64.deb","1:2.0.21-1ubuntu2
"
"adduser","adduser_3.116ubuntu1_all.deb","3.113+nmu3ubuntu3
"
"apache2","None","2.4.7-1ubuntu4.9
"
"apache2-bin","apache2-bin_2.4.29-1ubuntu4_amd64.deb","2.4.7-1ubuntu4.9
"
"apache2-data","apache2-data_2.4.29-1ubuntu4_all.deb","2.4.7-1ubuntu4.9
"
"apparmor","apparmor_2.12-4ubuntu5_amd64.deb","2.8.95~2430-0ubuntu5.3
"
"apt","apt_1.6.1_amd64.deb","1.0.1ubuntu2.15
"
"apt-transport-https","apt_1.6.1_amd64.deb","1.0.1ubuntu2.15
"
"apt-utils","apt-utils_1.6.1_amd64.deb","1.0.1ubuntu2.15
"
"apt-xapian-index","apt-xapian-index_0.47ubuntu13_all.deb","0.45ubuntu4
"
"aptitude","aptitude_0.8.10-6ubuntu1_amd64.deb","0.6.8.2-1ubuntu4
"
"aptitude-common","aptitude-common_0.8.10-6ubuntu1_all.deb","0.6.8.2-1ubuntu4
"
"at","at_3.1.20-3.1ubuntu2_amd64.deb","3.1.14-1ubuntu1
"
"atop","atop_2.3.0-1_amd64.deb","2.2.6-2
"
"attr","attr_2.4.47-2build1_amd64.deb","1:2.4.47-1ubuntu1
"
"avahi-daemon","avahi-daemon_0.7-3.1ubuntu1_amd64.deb","0.6.31-4ubuntu1
"
"base-files","base-files_10.1ubuntu2_amd64.deb","7.2ubuntu5.5
"
"base-passwd","base-passwd_3.5.44_amd64.deb","3.5.33
"
"bash","bash_4.4.18-2ubuntu1_amd64.deb","4.3-7ubuntu1.5
"
"bash-completion","bash-completion_2.8-1ubuntu1_all.deb","1:2.1-4ubuntu0.1
"
"bc","bc_1.07.1-2_amd64.deb","1.06.95-8ubuntu1
"
"bind9-host","bind9-host_9.11.3+dfsg-1ubuntu1_amd64.deb","1:9.9.5.dfsg-3ubuntu0.7
"
"binutils","binutils_2.30-15ubuntu1_amd64.deb","2.24-5ubuntu14
"
"biosdevname","biosdevname_0.4.1-0ubuntu10_amd64.deb","0.4.1-0ubuntu6.2
"
"bsd-mailx","bsd-mailx_8.1.2-0.20160123cvs-4_amd64.deb","8.1.2-0.20131005cvs-1ubuntu0.14.04.1
"
"bsdmainutils","bsdmainutils_11.1.2ubuntu1_amd64.deb","9.0.5ubuntu1
"
"bsdutils","bsdutils_2.31.1-0.4ubuntu3_amd64.deb","1:2.20.1-5.1ubuntu20.9
"
"btrfs-tools","btrfs-tools_4.15.1-1build1_amd64.deb","3.12-1ubuntu0.1
"
"btsnmp","None","7.0-428+f5c1db187
"
"build-essential","build-essential_12.4ubuntu1_amd64.deb","11.6ubuntu6
"
"busybox-initramfs","busybox-initramfs_1.27.2-2ubuntu3_amd64.deb","1:1.21.0-1ubuntu1
"
"busybox-static","busybox-static_1.27.2-2ubuntu3_amd64.deb","1:1.21.0-1ubuntu1
"
"bzip2","bzip2_1.0.6-8.1_amd64.deb","1.0.6-5
"
"ca-certificates","ca-certificates_20180409_all.deb","20141019ubuntu0.14.04.1
"
"ca-certificates-java","ca-certificates-java_20170930ubuntu1_all.deb","20130815ubuntu1
"
"cachefilesd","cachefilesd_0.10.10-0.1_amd64.deb","0.10.5-1
"
"ceph","ceph_12.2.4-0ubuntu1_amd64.deb","10.2.11-7.0+428+f5c1db187
"
"ceph-base","ceph-base_12.2.4-0ubuntu1_amd64.deb","10.2.11-7.0+428+f5c1db187
"
"ceph-common","ceph-common_12.2.4-0ubuntu1_amd64.deb","10.2.11-7.0+428+f5c1db187
"
"ceph-common-dbg","None","10.2.11-7.0+428+f5c1db187
"
"ceph-fs-common","None","10.2.11-7.0+428+f5c1db187
"
"ceph-fuse","ceph-fuse_12.2.4-0ubuntu1_amd64.deb","10.2.11-7.0+428+f5c1db187
"
"ceph-mds","ceph-mds_12.2.4-0ubuntu1_amd64.deb","10.2.11-7.0+428+f5c1db187
"
"ceph-mon","ceph-mon_12.2.4-0ubuntu1_amd64.deb","10.2.11-7.0+428+f5c1db187
"
"ceph-osd","ceph-osd_12.2.4-0ubuntu1_amd64.deb","10.2.11-7.0+428+f5c1db187
"
"ceph-osd-dbg","None","10.2.11-7.0+428+f5c1db187
"
"ceph-resource-agents","ceph-resource-agents_12.2.4-0ubuntu1_all.deb","10.2.11-7.0+428+f5c1db187
"
"cifs-utils","None","2:6.0-1ubuntu2
"
"cluster-glue","cluster-glue_1.0.12-7build1_amd64.deb","1.0.11+hg2754-1.1build1
"
"command-not-found","command-not-found_18.04.4_all.deb","0.3ubuntu12
"
"command-not-found-data","command-not-found-data_18.04.4_amd64.deb","0.3ubuntu12
"
"console-setup","console-setup_1.178ubuntu2_all.deb","1.70ubuntu8
"
"coreutils","coreutils_8.28-1ubuntu1_amd64.deb","8.21-1ubuntu5.3
"
"cpio","None","2.11+dfsg-1ubuntu1.1
"
"cpp","cpp_7.3.0-3ubuntu2_amd64.deb","4:4.8.2-1ubuntu6
"
"cpp-4.8","cpp-4.8_4.8.5-4ubuntu8_amd64.deb","4.8.4-2ubuntu1~14.04.3
"
"crmsh","crmsh_3.0.1-3ubuntu1_all.deb","1.2.5+hg1034-1ubuntu4
"
"cron","cron_3.0pl1-128.1ubuntu1_amd64.deb","3.0pl1-124ubuntu2
"
"cryptsetup-bin","cryptsetup-bin_2.0.2-1ubuntu1_amd64.deb","2:1.6.1-1ubuntu1
"
"ctdb","ctdb_4.7.6+dfsg~ubuntu-0ubuntu2_amd64.deb","2:4.3.13+dfsg-7.0+428+f5c1db187
"
"curl","curl_7.58.0-2ubuntu3_amd64.deb","7.35.0-1ubuntu2.6
"
"dash","dash_0.5.8-2.10_amd64.deb","0.5.7-4ubuntu1
"
"dbus","dbus_1.12.2-1ubuntu1_amd64.deb","1.6.18-0ubuntu4.3
"
"debconf","debconf_1.5.66_all.deb","1.5.51ubuntu2
"
"debconf-i18n","debconf-i18n_1.5.66_all.deb","1.5.51ubuntu2
"
"debconf-utils","debconf-utils_1.5.66_all.deb","1.5.51ubuntu2
"
"debianutils","debianutils_4.8.4_amd64.deb","4.4
"
"dh-python","dh-python_3.20180325ubuntu2_all.deb","1.20140128-1ubuntu8.2
"
"diffutils","diffutils_3.6-1_amd64.deb","1:3.3-1
"
"dkms","dkms_2.3-3ubuntu9_all.deb","2.2.0.3-1.1ubuntu5.14.04.5
"
"dmidecode","dmidecode_3.1-1_amd64.deb","2.12-2
"
"dmsetup","dmsetup_1.02.145-4.1ubuntu3_amd64.deb","2:1.02.77-6ubuntu2.1
"
"dnsmasq","None","2.68-1ubuntu0.1
"
"dnsmasq-base","dnsmasq-base_2.79-1_amd64.deb","2.68-1ubuntu0.1
"
"dnsutils","dnsutils_9.11.3+dfsg-1ubuntu1_amd64.deb","1:9.9.5.dfsg-3ubuntu0.7
"
"docutils-common","docutils-common_0.14+dfsg-3_all.deb","0.11-3
"
"docutils-doc","docutils-doc_0.14+dfsg-3_all.deb","0.11-3
"
"dosfstools","None","3.0.26-1
"
"dpkg","dpkg_1.19.0.5ubuntu2_amd64.deb","1.17.5ubuntu5.5
"
"dpkg-dev","dpkg-dev_1.19.0.5ubuntu2_all.deb","1.17.5ubuntu5.5
"
"e2fsprogs","e2fsprogs_1.44.1-1_amd64.deb","1.42.9-3ubuntu1.3
"
"ed","ed_1.10-2.1_amd64.deb","1.9-2
"
"eject","eject_2.1.5+deb1+cvs20081104-13.2_amd64.deb","2.1.5+deb1+cvs20081104-13.1
"
"ethtool","ethtool_4.15-0ubuntu1_amd64.deb","1:3.13-1
"
"fakeroot","fakeroot_1.22-2ubuntu1_amd64.deb","1.20-3ubuntu2
"
"fence-agents","fence-agents_4.0.25-2ubuntu1_amd64.deb","3.1.5-2ubuntu4
"
"file","file_5.32-2_amd64.deb","1:5.14-2ubuntu3.3
"
"findutils","findutils_4.6.0+git+20170828-2_amd64.deb","4.4.2-7
"
"fio","fio_3.1-1_amd64.deb","2.1.3-1
"
"fontconfig","fontconfig_2.12.6-0ubuntu2_amd64.deb","2.11.0-0ubuntu4.1
"
"fontconfig-config","fontconfig-config_2.12.6-0ubuntu2_all.deb","2.11.0-0ubuntu4.1
"
"fonts-dejavu","None","2.34-1ubuntu1
"
"fonts-dejavu-core","fonts-dejavu-core_2.37-1_all.deb","2.34-1ubuntu1
"
"fonts-dejavu-extra","fonts-dejavu-extra_2.37-1_all.deb","2.34-1ubuntu1
"
"friendly-recovery","friendly-recovery_0.2.38_all.deb","0.2.25
"
"ftp","ftp_0.17-34_amd64.deb","0.17-28
"
"fuse","None","2.9.2-4ubuntu4.14.04.1
"
"g++","g++_7.3.0-3ubuntu2_amd64.deb","4:4.8.2-1ubuntu6
"
"g++-4.8","g++-4.8_4.8.5-4ubuntu8_amd64.deb","4.8.4-2ubuntu1~14.04.3
"
"ganglia-monitor","ganglia-monitor_3.6.0-7ubuntu2_amd64.deb","3.6.0-1ubuntu2
"
"gawk","gawk_4.1.4+dfsg-1build1_amd64.deb","1:4.0.1+dfsg-2.1ubuntu2
"
"gcc","gcc_7.3.0-3ubuntu2_amd64.deb","4:4.8.2-1ubuntu6
"
"gcc-4.8","None","4.8.4-2ubuntu1~14.04.3
"
"gdb","None","7.7.1-0ubuntu5~14.04.3
"
"gdisk","gdisk_1.0.3-1_amd64.deb","0.8.8-1ubuntu0.1
"
"geoip-database","geoip-database_20180315-1_all.deb","20140313-1
"
"gettext-base","gettext-base_0.19.8.1-6_amd64.deb","0.18.3.1-1ubuntu3
"
"gir1.2-glib-2.0","gir1.2-glib-2.0_1.56.1-1_amd64.deb","1.40.0-1ubuntu0.2
"
"gnupg","None","1.4.16-1ubuntu2.4
"
"gpgv","gpgv_2.2.4-1ubuntu1_amd64.deb","1.4.16-1ubuntu2.4
"
"grep","None","2.16-1
"
"groff-base","groff-base_1.22.3-10_amd64.deb","1.22.2-5
"
"grub-common","grub-common_2.02-2ubuntu8_amd64.deb","2.02~beta2-9ubuntu1.7
"
"grub-gfxpayload-lists","grub-gfxpayload-lists_0.7_amd64.deb","0.6
"
"grub-pc","grub-pc_2.02-2ubuntu8_amd64.deb","2.02~beta2-9ubuntu1.7
"
"grub-pc-bin","grub-pc-bin_2.02-2ubuntu8_amd64.deb","2.02~beta2-9ubuntu1.7
"
"grub2-common","grub2-common_2.02-2ubuntu8_amd64.deb","2.02~beta2-9ubuntu1.7
"
"gzip","gzip_1.6-5ubuntu1_amd64.deb","1.6-3ubuntu1
"
"haproxy","haproxy_1.8.8-1_amd64.deb","1.6.11-1ppa1~trusty
"
"hdparm","hdparm_9.54+ds-1_amd64.deb","9.43-1ubuntu3
"
"heartbeat","heartbeat_3.0.6-7_amd64.deb","1:3.0.5-3.2
"
"hostname","hostname_3.20_amd64.deb","3.15ubuntu1
"
"i40e-dkms","None","2.2.4-1~u14.04+mos1
"
"ifenslave","ifenslave_2.9ubuntu1_all.deb","2.4ubuntu1.2
"
"iftop","iftop_1.0~pre4-4_amd64.deb","1.0~pre2-5
"
"ifupdown","ifupdown_0.8.17ubuntu1_amd64.deb","0.7.47.2ubuntu4.3
"
"inetutils-traceroute","inetutils-traceroute_1.9.4-3_amd64.deb","2:1.9.2-1
"
"info","info_6.5.0.dfsg.1-2_amd64.deb","5.2.0.dfsg.1-2
"
"init-system-helpers","init-system-helpers_1.51_all.deb","1.14
"
"initramfs-tools","initramfs-tools_0.130ubuntu3_all.deb","0.103ubuntu4.2
"
"initramfs-tools-bin","initramfs-tools-bin_0.130ubuntu3_amd64.deb","0.103ubuntu4.2
"
"initscripts","None","2.88dsf-41ubuntu6.3
"
"insserv","None","1.14.0-5ubuntu2
"
"install-info","install-info_6.5.0.dfsg.1-2_amd64.deb","5.2.0.dfsg.1-2
"
"installation-report","installation-report_2.62ubuntu1_all.deb","2.54ubuntu1
"
"iperf","iperf_2.0.10+dfsg1-1_amd64.deb","2.0.5-3
"
"ipmitool","ipmitool_1.8.18-5build1_amd64.deb","1.8.13-1ubuntu0.6
"
"iproute","None","1:3.12.0-2ubuntu1
"
"iproute2","iproute2_4.15.0-2ubuntu1_amd64.deb","3.12.0-2ubuntu1
"
"iptables","iptables_1.6.1-2ubuntu2_amd64.deb","1.4.21-1ubuntu1
"
"iputils-arping","iputils-arping_20161105-1ubuntu2_amd64.deb","3:20121221-4ubuntu1.1
"
"iputils-ping","iputils-ping_20161105-1ubuntu2_amd64.deb","3:20121221-4ubuntu1.1
"
"iputils-tracepath","iputils-tracepath_20161105-1ubuntu2_amd64.deb","3:20121221-4ubuntu1.1
"
"irqbalance","irqbalance_1.3.0-0.1_amd64.deb","1.0.6-2ubuntu0.14.04.4
"
"isc-dhcp-client","isc-dhcp-client_4.3.5-3ubuntu7_amd64.deb","4.2.4-7ubuntu12.4
"
"isc-dhcp-common","isc-dhcp-common_4.3.5-3ubuntu7_amd64.deb","4.2.4-7ubuntu12.4
"
"iso-codes","iso-codes_3.79-1_all.deb","3.52-1
"
"java-common","java-common_0.63ubuntu1~02_all.deb","0.51
"
"kbd","kbd_2.0.4-2ubuntu1_amd64.deb","1.15.5-1ubuntu1
"
"keyboard-configuration","keyboard-configuration_1.178ubuntu2_all.deb","1.70ubuntu8
"
"keyutils","keyutils_1.5.9-9.2ubuntu2_amd64.deb","1.5.6-1
"
"klibc-utils","klibc-utils_2.0.4-9ubuntu2_amd64.deb","2.0.3-0ubuntu1
"
"kmod","kmod_24-1ubuntu3_amd64.deb","15-0ubuntu6
"
"kpartx","kpartx_0.7.4-2ubuntu3_amd64.deb","0.4.9-3ubuntu7.16.2
"
"krb5-config","krb5-config_2.6_all.deb","2.3
"
"krb5-locales","krb5-locales_1.16-2build1_all.deb","1.12+dfsg-2ubuntu5.2
"
"krb5-user","krb5-user_1.16-2build1_amd64.deb","1.12+dfsg-2ubuntu5.2
"
"landscape-common","landscape-common_18.01-0ubuntu3_amd64.deb","14.12-0ubuntu0.14.04
"
"language-selector-common","language-selector-common_0.188_all.deb","0.129.3
"
"laptop-detect","laptop-detect_0.16_all.deb","0.13.7ubuntu2
"
"less","less_487-0.1_amd64.deb","458-2
"
"libalgorithm-diff-perl","libalgorithm-diff-perl_1.19.03-1_all.deb","1.19.02-3
"
"libalgorithm-diff-xs-perl","libalgorithm-diff-xs-perl_0.04-5_amd64.deb","0.04-2build4
"
"libalgorithm-merge-perl","libalgorithm-merge-perl_0.08-3_all.deb","0.08-2
"
"libapache2-mod-fastcgi","None","1:2.4.7~0910052141-1.1
"
"libapache2-mod-wsgi","libapache2-mod-wsgi_4.5.17-1_amd64.deb","3.4-4ubuntu2.1.14.04.2
"
"libapparmor-perl","libapparmor-perl_2.12-4ubuntu5_amd64.deb","2.8.95~2430-0ubuntu5.3
"
"libarchive-extract-perl","libarchive-extract-perl_0.80-1_all.deb","0.70-1
"
"libaudit-common","libaudit-common_2.8.2-1ubuntu1_all.deb","1:2.3.2-2ubuntu1
"
"libbind9-90","None","1:9.9.5.dfsg-3ubuntu0.7
"
"libc-bin","libc-bin_2.27-3ubuntu1_amd64.deb","2.19-0ubuntu6.9
"
"libc-dev-bin","libc-dev-bin_2.27-3ubuntu1_amd64.deb","2.19-0ubuntu6.14
"
"libcap-ng0","libcap-ng0_0.7.7-3.1_amd64.deb","0.7.3-1ubuntu2
"
"libcap2-bin","libcap2-bin_2.25-1.2_amd64.deb","1:2.24-0ubuntu2
"
"libcephfs1","None","10.2.11-7.0+428+f5c1db187
"
"libcfg6","libcfg6_2.4.3-0ubuntu1_amd64.deb","2.3.3-1ubuntu1
"
"libcib3","None","1.1.10+git20130802-1ubuntu2.3
"
"libclass-accessor-perl","libclass-accessor-perl_0.51-1_all.deb","0.34-1
"
"libcmap4","libcmap4_2.4.3-0ubuntu1_amd64.deb","2.3.3-1ubuntu1
"
"libconfuse-common","libconfuse-common_3.2.1+dfsg-4_all.deb","2.7-4ubuntu1
"
"libcorosync-common4","libcorosync-common4_2.4.3-0ubuntu1_amd64.deb","2.3.3-1ubuntu1
"
"libcpg4","libcpg4_2.4.3-0ubuntu1_amd64.deb","2.3.3-1ubuntu1
"
"libcrmcluster4","libcrmcluster4_1.1.18-0ubuntu1_amd64.deb","1.1.10+git20130802-1ubuntu2.3
"
"libcrmcommon3","libcrmcommon3_1.1.18-0ubuntu1_amd64.deb","1.1.10+git20130802-1ubuntu2.3
"
"libcrmservice1","None","1.1.10+git20130802-1ubuntu2.3
"
"libcrypto++9","None","5.6.1-6+deb8u1build0.14.04.1
"
"libcryptsetup4","None","2:1.6.1-1ubuntu1
"
"libcwidget3","None","0.5.16-3.5ubuntu1
"
"libdaemon0","libdaemon0_0.14-6_amd64.deb","0.14-2ubuntu1
"
"libdns100","None","1:9.9.5.dfsg-3ubuntu0.7
"
"libdpkg-perl","libdpkg-perl_1.19.0.5ubuntu2_all.deb","1.17.5ubuntu5.5
"
"libesmtp6","libesmtp6_1.0.6-4.3build1_amd64.deb","1.0.6-1ubuntu2
"
"libestr0","libestr0_0.1.10-2.1_amd64.deb","0.1.9-0ubuntu2
"
"libfcgi0ldbl","libfcgi0ldbl_2.4.0-10_amd64.deb","2.4.0-8.1ubuntu5
"
"libfile-copy-recursive-perl","libfile-copy-recursive-perl_0.40-1_all.deb","0.38-1
"
"libfile-fcntllock-perl","libfile-fcntllock-perl_0.22-3build2_amd64.deb","0.14-2build1
"
"libganglia1","libganglia1_3.6.0-7ubuntu2_amd64.deb","3.6.0-1ubuntu2
"
"libgcr-3-common","None","3.10.1-1
"
"libgirepository-1.0-1","libgirepository-1.0-1_1.56.1-1_amd64.deb","1.40.0-1ubuntu0.2
"
"libglib2.0-data","libglib2.0-data_2.56.1-2ubuntu1_all.deb","2.40.2-0ubuntu1
"
"libgoogle-perftools4","libgoogle-perftools4_2.5-2.2ubuntu3_amd64.deb","2.1-2ubuntu1.1
"
"libheartbeat2","libheartbeat2_3.0.6-7_amd64.deb","1:3.0.5-3.2
"
"libibverbs1","libibverbs1_17.1-1_amd64.deb","1.1.7-1ubuntu1.1
"
"libio-string-perl","libio-string-perl_1.08-3_all.deb","1.08-3
"
"libisc95","None","1:9.9.5.dfsg-3ubuntu0.7
"
"libisccc90","None","1:9.9.5.dfsg-3ubuntu0.7
"
"libisccfg90","None","1:9.9.5.dfsg-3ubuntu0.7
"
"libjemalloc1","libjemalloc1_3.6.0-11_amd64.deb","3.5.1-2
"
"libjs-jquery","libjs-jquery_3.2.1-1_all.deb","1.7.2+dfsg-2ubuntu1
"
"libjs-sphinxdoc","libjs-sphinxdoc_1.6.7-1ubuntu1_all.deb","1.2.2+dfsg-1ubuntu1.1
"
"libjs-underscore","libjs-underscore_1.8.3~dfsg-1_all.deb","1.4.4-2ubuntu1
"
"libklibc","libklibc_2.0.4-9ubuntu2_amd64.deb","2.0.3-0ubuntu1
"
"liblocale-gettext-perl","liblocale-gettext-perl_1.07-3build2_amd64.deb","1.05-7build3
"
"liblockfile-bin","liblockfile-bin_1.14-1.1_amd64.deb","1.09-6ubuntu1
"
"liblog-message-simple-perl","liblog-message-simple-perl_0.10-3_all.deb","0.10-1
"
"liblrm2","liblrm2_1.0.12-7build1_amd64.deb","1.0.11+hg2754-1.1build1
"
"liblrmd1","liblrmd1_1.1.18-0ubuntu1_amd64.deb","1.1.10+git20130802-1ubuntu2.3
"
"liblwres90","None","1:9.9.5.dfsg-3ubuntu0.7
"
"libmodule-pluggable-perl","libmodule-pluggable-perl_5.2-1_all.deb","5.1-1
"
"libnss3-nssdb","None","2:3.21-0ubuntu0.14.04.1
"
"libnvpair1","None","0.6.5.11-1~trusty
"
"libopenhpi2","None","2.14.1-1.3ubuntu2
"
"libopenipmi0","libopenipmi0_2.0.22-1.1ubuntu2_amd64.deb","2.0.18-0ubuntu7.1
"
"libpam-modules-bin","libpam-modules-bin_1.1.8-3.6ubuntu2_amd64.deb","1.1.8-1ubuntu2
"
"libpam-runtime","libpam-runtime_1.1.8-3.6ubuntu2_all.deb","1.1.8-1ubuntu2
"
"libpaper-utils","libpaper-utils_1.1.24+nmu5ubuntu1_amd64.deb","1.1.24+nmu2ubuntu3
"
"libparse-debianchangelog-perl","libparse-debianchangelog-perl_1.2.0-12_all.deb","1.2.0-1ubuntu1
"
"libpe-rules2","libpe-rules2_1.1.18-0ubuntu1_amd64.deb","1.1.10+git20130802-1ubuntu2.3
"
"libpe-status4","None","1.1.10+git20130802-1ubuntu2.3
"
"libpengine4","None","1.1.10+git20130802-1ubuntu2.3
"
"libperl5.18","None","5.18.2-2ubuntu1
"
"libpils2","libpils2_1.0.12-7build1_amd64.deb","1.0.11+hg2754-1.1build1
"
"libplumb2","libplumb2_1.0.12-7build1_amd64.deb","1.0.11+hg2754-1.1build1
"
"libplumbgpl2","libplumbgpl2_1.0.12-7build1_amd64.deb","1.0.11+hg2754-1.1build1
"
"libpod-latex-perl","libpod-latex-perl_0.61-2_all.deb","0.61-1
"
"libqb0","libqb0_1.0.1-1ubuntu1_amd64.deb","0.16.0.real-1ubuntu4
"
"libquorum5","libquorum5_2.4.3-0ubuntu1_amd64.deb","2.3.3-1ubuntu1
"
"librados2","librados2_12.2.4-0ubuntu1_amd64.deb","10.2.11-7.0+428+f5c1db187
"
"libradosstriper1","libradosstriper1_12.2.4-0ubuntu1_amd64.deb","10.2.11-7.0+428+f5c1db187
"
"librbd1","librbd1_12.2.4-0ubuntu1_amd64.deb","10.2.11-7.0+428+f5c1db187
"
"librdmacm1","librdmacm1_17.1-1_amd64.deb","1.0.16-1
"
"librgw2","librgw2_12.2.4-0ubuntu1_amd64.deb","10.2.11-7.0+428+f5c1db187
"
"libsemanage-common","libsemanage-common_2.7-2build2_all.deb","2.2-1
"
"libsgutils2-2","libsgutils2-2_1.42-2ubuntu1_amd64.deb","1.39-1
"
"libsnappy1","None","1.1.0-1ubuntu1
"
"libsnmp-base","libsnmp-base_5.7.3+dfsg-1.8ubuntu3_all.deb","5.7.2~dfsg-8.1ubuntu3.1
"
"libstonith1","libstonith1_1.0.12-7build1_amd64.deb","1.0.11+hg2754-1.1build1
"
"libstonithd2","libstonithd2_1.1.18-0ubuntu1_amd64.deb","1.1.10+git20130802-1ubuntu2.3
"
"libsub-name-perl","libsub-name-perl_0.21-1build1_amd64.deb","0.05-1build4
"
"libtcmalloc-minimal4","libtcmalloc-minimal4_2.5-2.2ubuntu3_amd64.deb","2.1-2ubuntu1.1
"
"libterm-ui-perl","libterm-ui-perl_0.46-1_all.deb","0.42-1
"
"libtext-charwidth-perl","libtext-charwidth-perl_0.04-7.1_amd64.deb","0.04-7build3
"
"libtext-iconv-perl","libtext-iconv-perl_1.7-5build6_amd64.deb","1.7-5build2
"
"libtext-soundex-perl","libtext-soundex-perl_3.4-1build5_amd64.deb","3.4-1build1
"
"libtext-wrapi18n-perl","libtext-wrapi18n-perl_0.06-7.1_all.deb","0.06-7
"
"libthai-data","libthai-data_0.1.27-2_all.deb","0.1.20-3
"
"libtimedate-perl","libtimedate-perl_2.3000-2_all.deb","2.3000-1
"
"libtransitioner2","libtransitioner2_1.1.18-0ubuntu1_amd64.deb","1.1.10+git20130802-1ubuntu2.3
"
"libunwind8","libunwind8_1.2.1-8_amd64.deb","1.1-2.2ubuntu3
"
"libuutil1","None","0.6.5.11-1~trusty
"
"libx11-data","libx11-data_1.6.4-3_all.deb","2:1.6.2-1ubuntu2
"
"libxapian22","None","1.2.16-2ubuntu1
"
"libxml2-utils","libxml2-utils_2.9.4+dfsg1-6.1ubuntu1_amd64.deb","2.9.1+dfsg1-3ubuntu4.7
"
"libxtables10","None","1.4.21-1ubuntu1
"
"libzfs2","None","0.6.5.11-1~trusty
"
"libzpool2","None","0.6.5.11-1~trusty
"
"linux-firmware","linux-firmware_1.173_all.deb","1.127.20
"
"linux-headers-4.1.49-server","None","201811100252~300a5d5
"
"linux-image-4.1.49-server","None","201811100252~300a5d5
"
"linux-image-4.1.49-server-dbg","None","201811100252~300a5d5
"
"lksctp-tools","lksctp-tools_1.0.17+dfsg-2_amd64.deb","1.0.15+dfsg-1
"
"locales","locales_2.27-3ubuntu1_all.deb","2.13+git20120306-12.1
"
"lockfile-progs","lockfile-progs_0.1.17build1_amd64.deb","0.1.17
"
"login","login_4.5-1ubuntu1_amd64.deb","1:4.1.5.1-1ubuntu9.2
"
"logrotate","logrotate_3.11.0-0.1ubuntu1_amd64.deb","3.8.7-1ubuntu1
"
"lsb-base","lsb-base_9.20170808ubuntu1_all.deb","4.1+Debian11ubuntu6.2
"
"lsb-release","lsb-release_9.20170808ubuntu1_all.deb","4.1+Debian11ubuntu6.2
"
"lshw","lshw_02.18-0.1ubuntu6_amd64.deb","02.16-2ubuntu1.3
"
"lsof","lsof_4.89+dfsg-0.1_amd64.deb","4.86+dfsg-1ubuntu2
"
"lsscsi","lsscsi_0.28-0.1_amd64.deb","0.27-2
"
"ltrace","ltrace_0.7.3-6ubuntu1_amd64.deb","0.7.3-4ubuntu5.1
"
"make","make_4.1-9.1ubuntu1_amd64.deb","3.81-8.2ubuntu3
"
"makedev","makedev_2.3.1-93ubuntu2_all.deb","2.3.1-93ubuntu1
"
"man-db","man-db_2.8.3-2_amd64.deb","2.6.7.1-1ubuntu1
"
"manpages","manpages_4.15-1_all.deb","3.54-1ubuntu1
"
"manpages-dev","manpages-dev_4.15-1_all.deb","3.54-1ubuntu1
"
"mawk","mawk_1.3.3-17ubuntu3_amd64.deb","1.3.3-17ubuntu2
"
"mdadm","mdadm_4.0-2ubuntu1_amd64.deb","3.2.5-5ubuntu4.2
"
"megacli","None","8.07.08-1
"
"memcached","memcached_1.5.6-0ubuntu1_amd64.deb","1.4.14-0ubuntu9
"
"memtest86+","memtest86+_5.01-3ubuntu2_amd64.deb","4.20-1.1ubuntu8
"
"mime-support","mime-support_3.60ubuntu1_all.deb","3.54ubuntu1.1
"
"mlocate","mlocate_0.26-2ubuntu3.1_amd64.deb","0.26-1ubuntu1
"
"module-init-tools","module-init-tools_24-1ubuntu3_all.deb","15-0ubuntu6
"
"mount","mount_2.31.1-0.4ubuntu3_amd64.deb","2.20.1-5.1ubuntu20.9
"
"mountall","None","2.53
"
"mtr-tiny","mtr-tiny_0.92-1_amd64.deb","0.85-2
"
"multiarch-support","multiarch-support_2.27-3ubuntu1_amd64.deb","2.19-0ubuntu6.9
"
"multipath-tools","multipath-tools_0.7.4-2ubuntu3_amd64.deb","0.4.9-3ubuntu7.16.2
"
"mysql-common","mysql-common_5.7.25-1ubuntu18.04_amd64.deb","5.5.49-0ubuntu0.14.04.1
"
"nano","nano_2.9.3-2_amd64.deb","2.2.6-1ubuntu1
"
"ncurses-base","ncurses-base_6.1-1ubuntu1_all.deb","5.9+20140118-1ubuntu1
"
"ncurses-bin","ncurses-bin_6.1-1ubuntu1_amd64.deb","5.9+20140118-1ubuntu1
"
"ncurses-term","ncurses-term_6.1-1ubuntu1_all.deb","5.9+20140118-1ubuntu1
"
"net-tools","net-tools_1.60+git20161116.90da8a0-1ubuntu1_amd64.deb","1.60-25ubuntu2.1
"
"netbase","netbase_5.4_all.deb","5.2
"
"netcat-openbsd","netcat-openbsd_1.187-1_amd64.deb","1.105-7ubuntu1
"
"nfs-common","nfs-common_1.3.4-2.1ubuntu5_amd64.deb","1:1.2.8-6ubuntu1.2
"
"nfs-kernel-server","nfs-kernel-server_1.3.4-2.1ubuntu5_amd64.deb","1:1.2.8-6ubuntu1.2
"
"ntfs-3g","ntfs-3g_2017.3.23-2_amd64.deb","1:2013.1.13AR.1-2ubuntu2
"
"ntp","ntp_4.2.8p10+dfsg-5ubuntu7_amd64.deb","1:4.2.6.p5+dfsg-3ubuntu2.14.04.10
"
"ntpdate","ntpdate_4.2.8p10+dfsg-5ubuntu7_amd64.deb","1:4.2.6.p5+dfsg-3ubuntu2.14.04.10
"
"open-iscsi","open-iscsi_2.0.874-5ubuntu2_amd64.deb","2.0.873-3ubuntu9
"
"openhpid","openhpid_3.6.1-3.1build1_amd64.deb","2.14.1-1.3ubuntu2
"
"openipmi","openipmi_2.0.22-1.1ubuntu2_amd64.deb","2.0.18-0ubuntu7.1
"
"openssh-client","openssh-client_7.6p1-4_amd64.deb","1:6.6p1-2ubuntu2.6
"
"openssh-server","openssh-server_7.6p1-4_amd64.deb","1:6.6p1-2ubuntu2.6
"
"openssh-sftp-server","openssh-sftp-server_7.6p1-4_amd64.deb","1:6.6p1-2ubuntu2.6
"
"openssl","openssl_1.1.0g-2ubuntu4_amd64.deb","1.0.1f-1ubuntu2.22
"
"os-prober","os-prober_1.74ubuntu1_amd64.deb","1.63ubuntu1.1
"
"pacemaker","pacemaker_1.1.18-0ubuntu1_amd64.deb","1.1.10+git20130802-1ubuntu2.3
"
"pacemaker-cli-utils","pacemaker-cli-utils_1.1.18-0ubuntu1_amd64.deb","1.1.10+git20130802-1ubuntu2.3
"
"parted","parted_3.2-20_amd64.deb","3.2-7
"
"passwd","passwd_4.5-1ubuntu1_amd64.deb","1:4.1.5.1-1ubuntu9.2
"
"patch","patch_2.7.6-2ubuntu1_amd64.deb","2.7.1-4ubuntu2.3
"
"pciutils","pciutils_3.5.2-1ubuntu1_amd64.deb","1:3.2.1-1ubuntu5.1
"
"perl","perl_5.26.1-6_amd64.deb","5.18.2-2ubuntu1
"
"perl-base","perl-base_5.26.1-6_amd64.deb","5.18.2-2ubuntu1
"
"perl-modules","perl-modules-5.26_5.26.1-6_all.deb","5.18.2-2ubuntu1
"
"plymouth","plymouth_0.9.3-1ubuntu7_amd64.deb","0.8.8-0ubuntu17.1
"
"plymouth-theme-ubuntu-text","plymouth-theme-ubuntu-text_0.9.3-1ubuntu7_amd64.deb","0.8.8-0ubuntu17.1
"
"policykit-1","policykit-1_0.105-20_amd64.deb","0.105-4ubuntu3.14.04.1
"
"popularity-contest","popularity-contest_1.66ubuntu1_all.deb","1.57ubuntu1
"
"postfix","postfix_3.3.0-1_amd64.deb","2.11.0-1ubuntu1
"
"powermgmt-base","powermgmt-base_1.33_all.deb","1.31build1
"
"ppp","ppp_2.4.7-2+2ubuntu1_amd64.deb","2.4.5-5.1ubuntu2.2
"
"pppconfig","pppconfig_2.3.23_all.deb","2.3.19ubuntu1
"
"pppoeconf","pppoeconf_1.21ubuntu1_all.deb","1.20ubuntu1
"
"procps","procps_3.3.12-3ubuntu1_amd64.deb","1:3.3.9-1ubuntu2.2
"
"psmisc","psmisc_23.1-1_amd64.deb","22.20-1ubuntu2
"
"python","python-pydicom_1.2.1-1~nd18.04+1_all.deb","2.7.5-5ubuntu3
"
"python-apt","python-apt_1.6.0_amd64.deb","0.9.3.5ubuntu2
"
"python-apt-common","python-apt-common_1.6.0_all.deb","0.9.3.5ubuntu2
"
"python-avahi","python-avahi_0.7-3.1ubuntu1_amd64.deb","0.6.31-4ubuntu1
"
"python-boto","python-boto_2.44.0-1~nd18.04+1_all.deb","2.20.1-2ubuntu2
"
"python-ceph","python-ceph_12.2.4-0ubuntu1_all.deb","10.2.11-7.0+428+f5c1db187
"
"python-cephfs","python-cephfs_12.2.4-0ubuntu1_amd64.deb","10.2.11-7.0+428+f5c1db187
"
"python-chardet","python-chardet_3.0.4-1_all.deb","2.0.1-2build2
"
"python-chardet-whl","None","2.2.1-2~ubuntu1
"
"python-click","python-click_6.7-3_all.deb","3.1-7.0+428+f5c1db187
"
"python-colorama","python-colorama_0.3.7-1_all.deb","0.2.5-0.1ubuntu2
"
"python-colorama-whl","None","0.2.5-0.1ubuntu2
"
"python-concurrent.futures","python-concurrent.futures_3.2.0-1_all.deb","3.2.0+dfsg-1
"
"python-configobj","python-configobj_5.0.6-2_all.deb","4.7.2+ds-5build1
"
"python-crypto","python-crypto_2.6.1-8ubuntu2_amd64.deb","2.6.1-4build1
"
"python-dbus","python-dbus_1.2.6-1_amd64.deb","1.2.0-2build2
"
"python-dbus-dev","python-dbus-dev_1.2.6-1_all.deb","1.2.0-2build2
"
"python-debian","python-debian_0.1.32_all.deb","0.1.21+nmu2ubuntu2
"
"python-distlib","python-distlib_0.2.6-1_all.deb","0.1.8-1ubuntu1
"
"python-distlib-whl","None","0.1.8-1ubuntu1
"
"python-dns","python-dns_2.3.6-3_all.deb","2.3.6-3
"
"python-dnspython","python-dnspython_1.15.0-1_all.deb","1.11.1-1build1
"
"python-docutils","python-docutils_0.14+dfsg-3_all.deb","0.11-3
"
"python-flask","python-flask_0.12.2-3_all.deb","0.10.1-2build1
"
"python-flup","python-flup_1.0.2-5_all.deb","1.0.2-4
"
"python-formencode","python-formencode_1.3.0-0ubuntu5_all.deb","1.2.6-1ubuntu1
"
"python-gdbm","python-gdbm_2.7.15~rc1-1_amd64.deb","2.7.5-1ubuntu1
"
"python-gi","python-gi_3.26.1-2_amd64.deb","3.12.0-1ubuntu1
"
"python-gobject","python-gobject_3.26.1-2ubuntu1_all.deb","3.12.0-1ubuntu1
"
"python-gobject-2","python-gobject-2_2.28.6-12ubuntu3_amd64.deb","2.28.6-12build1
"
"python-html5lib","python-html5lib_0.999999999-1_all.deb","0.999-3~ubuntu1
"
"python-html5lib-whl","None","0.999-3~ubuntu1
"
"python-humanize","python-humanize_0.5.1-2_all.deb","0.3-1
"
"python-itsdangerous","python-itsdangerous_0.24+dfsg1-2_all.deb","0.22+dfsg1-1build1
"
"python-jinja2","python-jinja2_2.10-1_all.deb","2.7.2-2
"
"python-jsonpickle","python-jsonpickle_0.9.5-1_all.deb","0.9.2-7.0+428+f5c1db187
"
"python-ldap","python-ldap_3.0.0-1_amd64.deb","2.4.10-1build1
"
"python-ldb","python-ldb_1.2.3-1_amd64.deb","1:1.1.24-0ubuntu0.14.04.1
"
"python-leveldb","python-leveldb_0~svn68-3build3_amd64.deb","0~svn68-2build1
"
"python-lockfile","python-lockfile_0.12.2-2_all.deb","1:0.8-2ubuntu2
"
"python-lxml","python-lxml_4.2.1-1_amd64.deb","3.3.3-1ubuntu0.1
"
"python-markupsafe","python-markupsafe_1.0-1build1_amd64.deb","0.18-1build2
"
"python-memcache","python-memcache_1.57-2_all.deb","1.53-1build1
"
"python-minimal","python-minimal_2.7.15~rc1-1_amd64.deb","2.7.5-5ubuntu3
"
"python-netaddr","python-netaddr_0.7.19-1_all.deb","0.7.10-1ubuntu1.1
"
"python-netifaces","python-netifaces_0.10.4-0.1build4_amd64.deb","0.8-3build1
"
"python-newt","python-newt_0.52.20-1ubuntu1_amd64.deb","0.52.15-2ubuntu5
"
"python-nose","python-nose_1.3.7-3_all.deb","1.3.1-2
"
"python-openid","python-openid_2.2.5-6_all.deb","2.2.5-3ubuntu1
"
"python-openssl","python-openssl_17.5.0-1ubuntu1_all.deb","0.13-2ubuntu6
"
"python-pam","python-pam_0.4.2-13.2ubuntu4_amd64.deb","0.4.2-13.1ubuntu3
"
"python-parse","python-parse_1.6.6-0.1_all.deb","1.6.5-7.0+428+f5c1db187
"
"python-parted","python-parted_3.11.1-1ubuntu2_amd64.deb","3.6-6
"
"python-paste","python-paste_2.0.3+dfsg-4ubuntu1_all.deb","1.7.5.1-6ubuntu3
"
"python-pexpect","python-pexpect_4.2.1-1_all.deb","3.1-1ubuntu0.1
"
"python-pil","python-pil_5.1.0-1_amd64.deb","2.3.0-1ubuntu3
"
"python-pip","python-pip_9.0.1-2_all.deb","1.5.4-1ubuntu4
"
"python-pip-whl","python-pip-whl_9.0.1-2_all.deb","1.5.4-1ubuntu4
"
"python-pkg-resources","python-pkg-resources_39.0.1-2_all.deb","3.3-1ubuntu2
"
"python-plumbum","python-plumbum_1.6.5-1_all.deb","1.4.2-7.0+428+f5c1db187
"
"python-posix-ipc","python-posix-ipc_0.9.8-3_amd64.deb","0.9.8-2+b1
"
"python-prctl","python-prctl_1.6.1-2build1_amd64.deb","1.1.1-1.1
"
"python-psutil","python-psutil_5.4.2-1_amd64.deb","3.0.0-7.0+428+f5c1db187
"
"python-pycurl","python-pycurl_7.43.0.1-0.2_amd64.deb","7.19.3-0ubuntu3
"
"python-pygments","python-pygments_2.2.0+dfsg-1_all.deb","1.6+dfsg-1ubuntu1.1
"
"python-pyinotify","python-pyinotify_0.9.6-1_all.deb","0.9.4-1build1
"
"python-pyjwt","None","1.6.4
"
"python-pylibmc","python-pylibmc_1.5.2-1build1_amd64.deb","1.2.3-1
"
"python-pysmart","None","0.3-7.0+428+f5c1db187
"
"python-pysphere","None","0.1.7-7.0+428+f5c1db187
"
"python-pyudev","python-pyudev_0.21.0-1_all.deb","0.16.1-2build1
"
"python-pyxattr","python-pyxattr_0.6.0-2build2_amd64.deb","0.5.1-1.1build4
"
"python-rados","python-rados_12.2.4-0ubuntu1_amd64.deb","10.2.11-7.0+428+f5c1db187
"
"python-rbd","python-rbd_12.2.4-0ubuntu1_amd64.deb","10.2.11-7.0+428+f5c1db187
"
"python-requests","python-requests_2.8.1-1~bpo8+1~nd90+1+nd17.04+1+nd17.10+1+nd18.04+1_all.deb","2.2.1-1ubuntu0.3
"
"python-requests-whl","python-requests-whl_2.8.1-1~bpo8+1~nd90+1+nd17.04+1+nd17.10+1+nd18.04+1_all.deb","2.2.1-1ubuntu0.4
"
"python-retrying","python-retrying_1.3.3-3_all.deb","1.3.3-1
"
"python-roman","python-roman_2.0.0-3_all.deb","2.0.0-1
"
"python-rpyc","None","3.3.0-7.0+428+f5c1db187
"
"python-samba","python-samba_4.7.6+dfsg~ubuntu-0ubuntu2_amd64.deb","2:4.3.13+dfsg-7.0+428+f5c1db187
"
"python-scgi","python-scgi_1.13-1.1build1_amd64.deb","1.13-1.1build1
"
"python-serial","python-serial_3.4-2_all.deb","2.6-1build1
"
"python-setuptools","python-setuptools_39.0.1-2_all.deb","3.3-1ubuntu2
"
"python-setuptools-whl","None","3.3-1ubuntu2
"
"python-simplejson","python-simplejson_3.13.2-1_amd64.deb","3.3.1-1ubuntu6
"
"python-six","python-six_1.11.0-2_all.deb","1.11.0-1
"
"python-six-whl","None","1.5.2-1ubuntu1.1
"
"python-sphinx","python-sphinx_1.6.7-1ubuntu1_all.deb","1.2.2+dfsg-1ubuntu1.1
"
"python-sphinxcontrib.httpdomain","python-sphinxcontrib.httpdomain_1.5.0-2_all.deb","1.3.0-1
"
"python-support","None","1.0.15
"
"python-talloc","python-talloc_2.1.10-2ubuntu1_amd64.deb","2.1.0-1
"
"python-tdb","python-tdb_1.3.15-2_amd64.deb","1.3.8-0ubuntu0.14.04.1
"
"python-tempita","python-tempita_0.5.2-2_all.deb","0.5.2-1build1
"
"python-twisted-bin","python-twisted-bin_17.9.0-2_amd64.deb","13.2.0-1ubuntu1
"
"python-twisted-core","python-twisted-core_17.9.0-2_all.deb","13.2.0-1ubuntu1
"
"python-urllib3","python-urllib3_1.12-1~bpo8+1~nd90+1+nd17.04+1+nd17.10+1+nd18.04+1_all.deb","1.7.1-1ubuntu4
"
"python-urllib3-whl","python-urllib3-whl_1.12-1~bpo8+1~nd90+1+nd17.04+1+nd17.10+1+nd18.04+1_all.deb","1.7.1-1ubuntu4.1
"
"python-webpy","python-webpy_0.38+20170615-1_all.deb","1:0.37-7.0+428+f5c1db187
"
"python-werkzeug","python-werkzeug_0.14.1+dfsg1-1_all.deb","0.9.4+dfsg-1.1ubuntu2
"
"python-wheel","python-wheel_0.30.0-0.2_all.deb","0.24.0-1~ubuntu1.1
"
"python-wrapt","python-wrapt_1.9.0-4~nd0~nd17.04+1+nd17.10+1+nd18.04+1_amd64.deb","1.9.0-1
"
"python-xapian","python-xapian_1.4.5-1ubuntu3_amd64.deb","1.2.16-2ubuntu1
"
"python-zope.interface","python-zope.interface_4.3.2-1build2_amd64.deb","4.0.5-1ubuntu4
"
"python2.7","python2.7_2.7.15~rc1-1_amd64.deb","2.7.6-8ubuntu0.2
"
"python2.7-minimal","python2.7-minimal_2.7.15~rc1-1_amd64.deb","2.7.6-8ubuntu0.2
"
"python3","python3-pydicom_1.2.1-1~nd18.04+1_all.deb","3.4.0-0ubuntu2
"
"python3-apt","python3-apt_1.6.0_amd64.deb","0.9.3.5ubuntu2
"
"python3-commandnotfound","None","0.3ubuntu12
"
"python3-dbus","python3-dbus_1.2.6-1_amd64.deb","1.2.0-2build2
"
"python3-distupgrade","python3-distupgrade_18.04.17_all.deb","1:0.220.8
"
"python3-gi","python3-gi_3.26.1-2_amd64.deb","3.12.0-1ubuntu1
"
"python3-minimal","python3-minimal_3.6.5-3_amd64.deb","3.4.0-0ubuntu2
"
"python3-newt","python3-newt_0.52.20-1ubuntu1_amd64.deb","0.52.15-2ubuntu5
"
"python3-pkg-resources","python3-pkg-resources_39.0.1-2_all.deb","3.3-1ubuntu2
"
"python3-pycurl","python3-pycurl_7.43.0.1-0.2_amd64.deb","7.19.3-0ubuntu3
"
"python3-six","python3-six_1.11.0-2_all.deb","1.5.2-1ubuntu1
"
"python3-update-manager","python3-update-manager_18.04.11_all.deb","1:0.196.14
"
"python3.4","None","3.4.3-1ubuntu1~14.04.6
"
"python3.4-minimal","None","3.4.3-1ubuntu1~14.04.6
"
"radosgw","radosgw_12.2.4-0ubuntu1_amd64.deb","10.2.11-7.0+428+f5c1db187
"
"readline-common","readline-common_7.0-3_all.deb","6.3-4ubuntu2
"
"resolvconf","openresolv_3.8.0-1_amd64.deb","1.69ubuntu1.1
"
"resource-agents","resource-agents_4.1.0~rc1-1ubuntu1_amd64.deb","1:3.9.3+git20121009-3ubuntu2
"
"rpcbind","rpcbind_0.2.3-0.6_amd64.deb","0.2.1-2ubuntu2.2
"
"rrdtool","rrdtool_1.7.0-1build1_amd64.deb","7.0-428+f5c1db187
"
"rsync","rsync_3.1.2-2.1ubuntu1_amd64.deb","3.1.0-2ubuntu0.2
"
"rsyslog","rsyslog_8.32.0-1ubuntu4_amd64.deb","7.4.4-1ubuntu2.6
"
"s3cmd","s3cmd_2.0.1-2_all.deb","7.0-428+f5c1db187
"
"s3fs-fuse","None","7.0-428+f5c1db187
"
"samba","samba_4.7.6+dfsg~ubuntu-0ubuntu2_amd64.deb","2:4.3.13+dfsg-7.0+428+f5c1db187
"
"samba-common","samba-common_4.7.6+dfsg~ubuntu-0ubuntu2_all.deb","2:4.3.13+dfsg-7.0+428+f5c1db187
"
"samba-common-bin","samba-common-bin_4.7.6+dfsg~ubuntu-0ubuntu2_amd64.deb","2:4.3.13+dfsg-7.0+428+f5c1db187
"
"samba-dsdb-modules","samba-dsdb-modules_4.7.6+dfsg~ubuntu-0ubuntu2_amd64.deb","2:4.3.13+dfsg-7.0+428+f5c1db187
"
"samba-vfs-modules","samba-vfs-modules_4.7.6+dfsg~ubuntu-0ubuntu2_amd64.deb","2:4.3.13+dfsg-7.0+428+f5c1db187
"
"screen","screen_4.6.2-1_amd64.deb","4.1.0~20120320gitdb59704-9
"
"sed","sed_4.4-2_amd64.deb","4.2.2-4ubuntu1
"
"sensible-utils","sensible-utils_0.0.12_all.deb","0.0.9
"
"sg3-utils","sg3-utils_1.42-2ubuntu1_amd64.deb","1.39-1
"
"sgml-base","sgml-base_1.29_all.deb","1.26+nmu4ubuntu1
"
"shared-mime-info","shared-mime-info_1.9-2_amd64.deb","1.2-0ubuntu3
"
"smartmontools","smartmontools_6.5+svn4324-1_amd64.deb","6.5+svn4324-1+dfsg-1
"
"snmp","snmp_5.7.3+dfsg-1.8ubuntu3_amd64.deb","5.7.2~dfsg-8.1ubuntu3.1
"
"snmpd","snmpd_5.7.3+dfsg-1.8ubuntu3_amd64.deb","5.7.2~dfsg-8.1ubuntu3.1
"
"sosreport","sosreport_3.5-1ubuntu3_amd64.deb","3.1-1ubuntu2.2
"
"sphinx-common","sphinx-common_1.6.7-1ubuntu1_all.deb","1.2.2+dfsg-1ubuntu1.1
"
"sphinx-doc","sphinx-doc_1.6.7-1ubuntu1_all.deb","1.2.2+dfsg-1ubuntu1.1
"
"spl","linux-image-4.15.0-1028-gcp_4.15.0-1028.29_amd64.deb","0.6.5.11-1~trusty
"
"spl-dkms","linux-image-4.15.0-1004-oem_4.15.0-1004.5+signed1_amd64.deb","0.6.5.11-1~trusty
"
"ssh-import-id","ssh-import-id_5.7-0ubuntu1_all.deb","3.21-0ubuntu1
"
"sshpass","sshpass_1.06-1_amd64.deb","1.05-1
"
"ssl-cert","ssl-cert_1.0.39_all.deb","1.0.33
"
"strace","strace_4.21-1ubuntu1_amd64.deb","4.8-1ubuntu5
"
"stunnel4","stunnel4_5.44-1ubuntu3_amd64.deb","3:4.53-1.1ubuntu1
"
"sudo","sudo_1.8.21p2-3ubuntu1_amd64.deb","1.8.9p5-1ubuntu1.4
"
"sysfsutils","sysfsutils_2.1.0+repack-4build1_amd64.deb","2.1.0+repack-3ubuntu1
"
"sysstat","sysstat_11.6.1-1_amd64.deb","10.2.0-1
"
"systemd-services","None","204-5ubuntu20.25
"
"systemd-shim","None","6-2bzr1
"
"sysv-rc","None","2.88dsf-41ubuntu6.3
"
"sysvinit-utils","sysvinit-utils_2.88dsf-59.10ubuntu1_amd64.deb","2.88dsf-41ubuntu6.3
"
"tar","tar_1.29b-2_amd64.deb","1.27.1-1
"
"tasksel","tasksel_3.34ubuntu11_all.deb","2.88ubuntu15
"
"tasksel-data","tasksel-data_3.34ubuntu11_all.deb","2.88ubuntu15
"
"tcpd","tcpd_7.6.q-27_amd64.deb","7.6.q-25
"
"tcpdump","tcpdump_4.9.2-3_amd64.deb","4.5.1-2ubuntu1.2
"
"tdb-tools","tdb-tools_1.3.15-2_amd64.deb","1.3.8-0ubuntu0.14.04.1
"
"telnet","telnet_0.17-41_amd64.deb","0.17-36build2
"
"time","time_1.7-25.1build1_amd64.deb","1.7-24
"
"tmux","tmux_2.6-3_amd64.deb","1.8-5
"
"tree","tree_1.7.0-5_amd64.deb","1.6.0-1
"
"ttf-dejavu","ttf-dejavu_2.37-1_all.deb","2.34-1ubuntu1
"
"ttf-dejavu-core","ttf-dejavu-core_2.37-1_all.deb","2.34-1ubuntu1
"
"ttf-dejavu-extra","ttf-dejavu-extra_2.37-1_all.deb","2.34-1ubuntu1
"
"tzdata","tzdata_2018d-1_all.deb","2015g-0ubuntu0.14.04
"
"tzdata-java","None","2015g-0ubuntu0.14.04
"
"ubuntu-keyring","ubuntu-keyring_2018.02.28_all.deb","2012.05.19
"
"ubuntu-minimal","ubuntu-minimal_1.417_amd64.deb","1.325
"
"ubuntu-release-upgrader-core","ubuntu-release-upgrader-core_18.04.17_all.deb","1:0.220.8
"
"ubuntu-standard","ubuntu-standard_1.417_amd64.deb","1.325
"
"ubuntu-zfs","None","8~trusty
"
"ucf","ucf_3.0038_all.deb","3.0027+nmu1
"
"udev","udev_237-3ubuntu10_amd64.deb","204-5ubuntu20.25
"
"ufw","ufw_0.35-5_all.deb","0.34~rc-0ubuntu2
"
"unrar","unrar_5.5.8-1_amd64.deb","1:5.0.10-1ubuntu0.14.04.1
"
"update-inetd","None","4.43
"
"update-manager-core","update-manager-core_18.04.11_all.deb","1:0.196.14
"
"upstart","None","1.12.1-0ubuntu4.2
"
"ureadahead","ureadahead_0.100.0-20_amd64.deb","0.100.0-16
"
"usbutils","usbutils_007-4build1_amd64.deb","1:007-2ubuntu1
"
"util-linux","util-linux_2.31.1-0.4ubuntu3_amd64.deb","2.20.1-5.1ubuntu20.9
"
"uuid-runtime","uuid-runtime_2.31.1-0.4ubuntu3_amd64.deb","2.20.1-5.1ubuntu20.9
"
"vim","vim_8.0.1453-1ubuntu1_amd64.deb","2:7.4.052-1ubuntu3.1
"
"vim-common","vim-common_8.0.1453-1ubuntu1_all.deb","2:7.4.052-1ubuntu3.1
"
"vim-runtime","vim-runtime_8.0.1453-1ubuntu1_all.deb","2:7.4.052-1ubuntu3.1
"
"vim-tiny","vim-tiny_8.0.1453-1ubuntu1_amd64.deb","2:7.4.052-1ubuntu3.1
"
"w3m","w3m_0.5.3-36build1_amd64.deb","0.5.3-15
"
"wget","wget_1.19.4-1ubuntu2_amd64.deb","1.15-1ubuntu1.14.04.1
"
"whiptail","whiptail_0.52.20-1ubuntu1_amd64.deb","0.52.15-2ubuntu5
"
"winbind","winbind_4.7.6+dfsg~ubuntu-0ubuntu2_amd64.deb","2:4.3.13+dfsg-7.0+428+f5c1db187
"
"wireless-tools","wireless-tools_30~pre9-12ubuntu1_amd64.deb","30~pre9-8ubuntu1
"
"wpasupplicant","wpasupplicant_2.6-15ubuntu2_amd64.deb","2.1-0ubuntu1.4
"
"xauth","xauth_1.0.10-1_amd64.deb","1:1.0.7-1ubuntu1
"
"xfsprogs","xfsprogs_4.9.0+nmu1ubuntu2_amd64.deb","3.1.9ubuntu2
"
"xkb-data","xkb-data_2.23.1-1ubuntu1_all.deb","2.10.1-1ubuntu1
"
"xml-core","xml-core_0.18_all.deb","0.13+nmu2
"
"xz-utils","xz-utils_5.2.2-1.3_amd64.deb","5.1.1alpha+20120614-2ubuntu2
"
"zfs-dkms","linux-image-4.15.0-1004-oem_4.15.0-1004.5+signed1_amd64.deb","0.6.5.11-1~trusty
"
"zfs-doc","zfs-doc_0.7.5-1ubuntu16.4_all.deb","0.6.5.11-1~trusty
"
"zfsutils","zfsutils-linux_0.7.5-1ubuntu15_amd64.deb","0.6.5.11-1~trusty
"
